<?xml version="1.0" encoding="UTF-8"?>
<!--
 
      Licensed to the Apache Software Foundation (ASF) under one or more
      contributor license agreements.  See the NOTICE file distributed with
      this work for additional information regarding copyright ownership.
      The ASF licenses this file to You under the Apache License, Version 2.0
      (the "License"); you may not use this file except in compliance with
      the License.  You may obtain a copy of the License at
 
         http://www.apache.org/licenses/LICENSE-2.0
 
      Unless required by applicable law or agreed to in writing, software
      distributed under the License is distributed on an "AS IS" BASIS,
      WITHOUT WARRANTIES OR CONDITIONS OF ANY KIND, either express or implied.
      See the License for the specific language governing permissions and
      limitations under the License.
-->
<features xmlns="http://karaf.apache.org/xmlns/features/v1.0.0" name="cxf-3.1.0">
    <feature name="cxf-specs" version="3.1.0" resolver="(obr)">
        <bundle start-level="9">mvn:org.apache.geronimo.specs/geronimo-osgi-registry/1.1</bundle>
        <bundle start-level="10" dependency="true">mvn:org.apache.servicemix.specs/org.apache.servicemix.specs.activation-api-1.1/2.4.0</bundle>
        <bundle start-level="10">mvn:javax.annotation/javax.annotation-api/1.2</bundle>
        <bundle start-level="10" dependency="true">mvn:org.apache.servicemix.specs/org.apache.servicemix.specs.stax-api-1.0/2.4.0</bundle>
        <bundle start-level="10" dependency="true">mvn:org.apache.servicemix.specs/org.apache.servicemix.specs.jaxb-api-2.2/2.4.0</bundle>
        <bundle start-level="10" dependency="true">mvn:org.apache.servicemix.specs/org.apache.servicemix.specs.jaxws-api-2.2/2.4.0</bundle>
        <bundle start-level="10" dependency="true">mvn:org.apache.servicemix.specs/org.apache.servicemix.specs.saaj-api-1.3/2.4.0</bundle>
        <bundle start-level="10">mvn:org.apache.servicemix.specs/org.apache.servicemix.specs.jsr339-api-2.0/2.4.0</bundle>
        <bundle start-level="10" dependency="true">mvn:javax.mail/mail/1.4.4</bundle>
        <bundle start-level="20">mvn:org.codehaus.woodstox/stax2-api/3.1.4</bundle>
        <bundle start-level="20">mvn:org.codehaus.woodstox/woodstox-core-asl/4.4.1</bundle>
        <bundle start-level="20">mvn:org.apache.servicemix.bundles/org.apache.servicemix.bundles.jaxb-impl/2.2.11_1</bundle>
        <bundle start-level="20">mvn:org.apache.servicemix.bundles/org.apache.servicemix.bundles.jaxb-xjc/2.2.11_1</bundle>
    </feature>
    <feature name="cxf-jaxb" version="3.1.0" resolver="(obr)">
        <feature version="3.1.0">cxf-specs</feature>
        <bundle start-level="20">mvn:org.apache.servicemix.bundles/org.apache.servicemix.bundles.jaxb-impl/2.2.11_1</bundle>
        <bundle start-level="20">mvn:org.apache.servicemix.bundles/org.apache.servicemix.bundles.jaxb-xjc/2.2.11_1</bundle>
    </feature>
    <!-- Current the abdera bundle is not working as we expect -->
    <feature name="cxf-abdera" version="3.1.0" resolver="(obr)">
        <feature version="3.1.0">cxf-specs</feature>
        <bundle start-level="35" dependency="true">mvn:commons-codec/commons-codec/1.10</bundle>
        <bundle start-level="35">mvn:org.apache.abdera/abdera-core/1.1.3</bundle>
        <bundle start-level="35">mvn:org.apache.abdera/abdera-extensions-main/1.1.3</bundle>
        <bundle start-level="35">mvn:org.apache.abdera/abdera-i18n/1.1.3</bundle>
        <bundle start-level="35">mvn:org.apache.james/apache-mime4j-core/0.7.2</bundle>
        <bundle start-level="35">mvn:org.apache.abdera/abdera-parser/1.1.3</bundle>
        <bundle dependency="true">mvn:org.apache.servicemix.bundles/org.apache.servicemix.bundles.jdom/1.1_4</bundle>
        <bundle dependency="true">mvn:org.apache.servicemix.bundles/org.apache.servicemix.bundles.dom4j/1.6.1_5</bundle>
        <!--bundle start-level='35'>mvn:org.apache.abdera/abdera-extensions-html/1.1.3</bundle>
        <bundle start-level='35'>mvn:org.apache.abdera/abdera-extensions-json/1.1.3</bundle>-->
    </feature>
    <feature name="wss4j" version="2.1.0" resolver="(obr)">
        <feature version="3.1.0">cxf-specs</feature>
        <bundle start-level="25" dependency="true">mvn:joda-time/joda-time/2.7</bundle>
        <bundle start-level="25" dependency="true">mvn:commons-codec/commons-codec/1.10</bundle>
        <bundle start-level="25" dependency="true">mvn:org.apache.santuario/xmlsec/2.0.4</bundle>
        <bundle start-level="25" dependency="true">mvn:com.google.guava/guava/18.0</bundle>
        <bundle start-level="25" dependency="true">mvn:org.apache.servicemix.bundles/org.apache.servicemix.bundles.opensaml/3.1.0_1</bundle>
        <bundle start-level="25">mvn:org.jvnet.staxex/stax-ex/1.7.6</bundle>
        <bundle start-level="25">mvn:org.apache.servicemix.bundles/org.apache.servicemix.bundles.saaj-impl/1.3.23_2</bundle>
        <bundle start-level="25">mvn:org.apache.servicemix.bundles/org.apache.servicemix.bundles.xmlresolver/1.2_5</bundle>
        <bundle start-level="30" dependency="true">mvn:org.apache.servicemix.bundles/org.apache.servicemix.bundles.xerces/2.11.0_1</bundle>
        <bundle start-level="30" dependency="true">mvn:org.apache.servicemix.bundles/org.apache.servicemix.bundles.bcel/5.2_4</bundle>
        <bundle start-level="30" dependency="true">mvn:org.apache.servicemix.bundles/org.apache.servicemix.bundles.xalan/2.7.1_7</bundle>
        <bundle start-level="30" dependency="true">mvn:org.apache.neethi/neethi/3.0.3</bundle>
        <bundle start-level="30" dependency="true">mvn:org.apache.servicemix.bundles/org.apache.servicemix.bundles.jasypt/1.9.0_1</bundle>
        <bundle start-level="30">mvn:org.apache.wss4j/wss4j-bindings/2.1.0</bundle>
        <bundle start-level="30">mvn:org.apache.wss4j/wss4j-ws-security-common/2.1.0</bundle>
        <bundle start-level="30">mvn:org.apache.wss4j/wss4j-ws-security-dom/2.1.0</bundle>
        <bundle start-level="30">mvn:org.apache.wss4j/wss4j-policy/2.1.0</bundle>
        <bundle start-level="30">mvn:org.apache.wss4j/wss4j-ws-security-stax/2.1.0</bundle>
        <bundle start-level="30">mvn:org.apache.wss4j/wss4j-ws-security-policy-stax/2.1.0</bundle>
    </feature>
    <feature name="cxf-core" version="3.1.0" resolver="(obr)">
        <feature version="3.1.0">cxf-specs</feature>
        <bundle start-level="30" dependency="true">mvn:org.apache.ws.xmlschema/xmlschema-core/2.2.1</bundle>
        <bundle start-level="30" dependency="true">mvn:org.apache.servicemix.bundles/org.apache.servicemix.bundles.xmlresolver/1.2_5</bundle>
        <bundle start-level="30" dependency="true">mvn:org.apache.servicemix.bundles/org.apache.servicemix.bundles.fastinfoset/1.2.13_1</bundle>
        <bundle start-level="40">mvn:org.apache.cxf/cxf-core/3.1.0</bundle>
        <bundle start-level="40">mvn:org.apache.cxf/cxf-rt-management/3.1.0</bundle>
    </feature>
    <feature name="cxf-commands" version="3.1.0" resolver="(obr)">
        <feature version="3.1.0">cxf-core</feature>
        <bundle start-level="40">mvn:org.apache.cxf.karaf/cxf-karaf-commands/3.1.0</bundle>
    </feature>
    <feature name="cxf-wsdl" version="3.1.0" resolver="(obr)">
        <feature version="3.1.0">cxf-core</feature>
        <bundle start-level="30" dependency="true">mvn:org.apache.servicemix.bundles/org.apache.servicemix.bundles.wsdl4j/1.6.3_1</bundle>
        <bundle start-level="40">mvn:org.apache.cxf/cxf-rt-wsdl/3.1.0</bundle>
    </feature>
    <feature name="cxf-ws-policy" version="3.1.0" resolver="(obr)">
        <feature version="3.1.0">cxf-wsdl</feature>
        <bundle start-level="30" dependency="true">mvn:org.apache.neethi/neethi/3.0.3</bundle>
        <bundle start-level="40">mvn:org.apache.cxf/cxf-rt-ws-policy/3.1.0</bundle>
    </feature>
    <feature name="cxf-ws-addr" version="3.1.0" resolver="(obr)">
        <feature version="3.1.0">cxf-ws-policy</feature>
        <feature version="3.1.0">cxf-bindings-soap</feature>
        <feature version="3.1.0">cxf-databinding-jaxb</feature>
        <bundle start-level="40">mvn:org.apache.cxf/cxf-rt-ws-addr/3.1.0</bundle>
    </feature>
    <feature name="cxf-ws-rm" version="3.1.0" resolver="(obr)">
        <feature version="3.1.0">cxf-ws-policy</feature>
        <feature version="3.1.0">cxf-ws-addr</feature>
        <feature version="3.1.0">cxf-databinding-jaxb</feature>
        <bundle start-level="40">mvn:org.apache.cxf/cxf-rt-ws-rm/3.1.0</bundle>
    </feature>
    <feature name="cxf-ws-mex" version="3.1.0" resolver="(obr)">
        <feature version="3.1.0">cxf-ws-policy</feature>
        <feature version="3.1.0">cxf-ws-addr</feature>
        <feature version="3.1.0">cxf-jaxws</feature>
        <bundle start-level="40">mvn:org.apache.cxf/cxf-rt-ws-mex/3.1.0</bundle>
    </feature>
    <feature name="cxf-ws-security" version="3.1.0" resolver="(obr)">
        <feature version="3.1.0">cxf-rt-security</feature>
        <feature version="3.1.0">cxf-ws-policy</feature>
        <feature version="2.1.0">wss4j</feature>
        <feature version="3.1.0">cxf-ws-addr</feature>
        <bundle start-level="40" dependency="true">mvn:net.sf.ehcache/ehcache/2.9.0</bundle>
        <bundle start-level="40">mvn:org.apache.cxf/cxf-rt-ws-security/3.1.0</bundle>
        <bundle start-level="40">mvn:org.apache.cxf/cxf-rt-security-saml/3.1.0</bundle>
    </feature>
    <feature name="cxf-rt-security" version="3.1.0" resolver="(obr)">
        <feature version="3.1.0">cxf-core</feature>
        <feature version="3.1.0">cxf-wsdl</feature>
        <bundle start-level="40">mvn:org.apache.cxf/cxf-rt-security/3.1.0</bundle>
    </feature>
    <feature name="cxf-rt-security-saml" version="3.1.0" resolver="(obr)">
        <feature version="3.1.0">cxf-rt-security</feature>
        <feature version="2.1.0">wss4j</feature>
        <bundle start-level="40">mvn:org.apache.cxf/cxf-rt-security-saml/3.1.0</bundle>
    </feature>
    <feature name="cxf-http" version="3.1.0" resolver="(obr)">
        <feature version="3.1.0">cxf-core</feature>
        <bundle start-level="40">mvn:org.apache.geronimo.specs/geronimo-servlet_3.0_spec/1.0</bundle>
        <bundle start-level="40">mvn:org.apache.cxf/cxf-rt-transports-http/3.1.0</bundle>
    </feature>
    <feature name="cxf-http-jetty" version="3.1.0" resolver="(obr)">
        <feature version="[3,4)">cxf-http</feature>
        <feature version="[7,10)">jetty</feature>
        <bundle start-level="40">mvn:org.apache.cxf/cxf-rt-transports-http-jetty/3.1.0</bundle>
    </feature>
    <feature name="cxf-http-async" version="3.1.0" resolver="(obr)">
        <feature version="[3,4)">cxf-http</feature>
        <bundle start-level="40">mvn:org.apache.httpcomponents/httpcore-osgi/4.3.3</bundle>
        <bundle start-level="40">mvn:org.apache.httpcomponents/httpclient-osgi/4.3.5</bundle>
        <bundle start-level="40">mvn:org.apache.httpcomponents/httpasyncclient-osgi/4.0.2</bundle>
        <bundle start-level="40">mvn:org.apache.cxf/cxf-rt-transports-http-hc/3.1.0</bundle>
    </feature>
    <feature name="cxf-http-netty-client" version="3.1.0" resolver="(obr)">
        <feature version="[3,4)">cxf-http</feature>
        <bundle start-level="40">mvn:io.netty/netty-common/4.0.19.Final</bundle>
        <bundle start-level="40">mvn:io.netty/netty-handler/4.0.19.Final</bundle>
        <bundle start-level="40">mvn:io.netty/netty-buffer/4.0.19.Final</bundle>
        <bundle start-level="40">mvn:io.netty/netty-transport/4.0.19.Final</bundle>
        <bundle start-level="40">mvn:io.netty/netty-codec/4.0.19.Final</bundle>
        <bundle start-level="40">mvn:io.netty/netty-codec-http/4.0.19.Final</bundle>
        <bundle start-level="40">mvn:org.apache.cxf/cxf-rt-transports-http-netty-client/3.1.0</bundle>
    </feature>
    <feature name="cxf-http-netty-server" version="3.1.0" resolver="(obr)">
        <feature version="[3,4)">cxf-http</feature>
        <bundle start-level="40">mvn:io.netty/netty-common/4.0.19.Final</bundle>
        <bundle start-level="40">mvn:io.netty/netty-handler/4.0.19.Final</bundle>
        <bundle start-level="40">mvn:io.netty/netty-buffer/4.0.19.Final</bundle>
        <bundle start-level="40">mvn:io.netty/netty-transport/4.0.19.Final</bundle>
        <bundle start-level="40">mvn:io.netty/netty-codec/4.0.19.Final</bundle>
        <bundle start-level="40">mvn:io.netty/netty-codec-http/4.0.19.Final</bundle>
        <bundle start-level="40">mvn:org.apache.cxf/cxf-rt-transports-http-netty-server/3.1.0</bundle>
    </feature>
    <feature name="cxf-bindings-soap" version="3.1.0" resolver="(obr)">
        <feature version="3.1.0">cxf-wsdl</feature>
        <bundle start-level="40">mvn:org.apache.cxf/cxf-rt-bindings-xml/3.1.0</bundle>
        <bundle start-level="40">mvn:org.apache.cxf/cxf-rt-bindings-soap/3.1.0</bundle>
    </feature>
    <feature name="cxf-jaxws" version="3.1.0" resolver="(obr)">
        <feature version="3.1.0">cxf-wsdl</feature>
        <feature version="3.1.0">cxf-databinding-jaxb</feature>
        <feature version="3.1.0">cxf-bindings-soap</feature>
        <feature version="3.1.0">cxf-http</feature>
        <bundle start-level="40">mvn:org.apache.cxf/cxf-rt-frontend-simple/3.1.0</bundle>
        <bundle start-level="40">mvn:org.apache.cxf/cxf-rt-frontend-jaxws/3.1.0</bundle>
    </feature>
    <feature name="cxf-jaxrs" version="3.1.0" resolver="(obr)">
        <feature version="3.1.0">cxf-core</feature>
        <feature version="3.1.0">cxf-http</feature>
        <bundle start-level="30" dependency="true">mvn:org.codehaus.jettison/jettison/1.3.7</bundle>
        <bundle start-level="40">mvn:org.apache.cxf/cxf-rt-rs-extension-providers/3.1.0</bundle>
        <bundle start-level="40">mvn:org.apache.cxf/cxf-rt-rs-extension-search/3.1.0</bundle>
        <bundle start-level="40">mvn:org.apache.cxf/cxf-rt-rs-service-description/3.1.0</bundle>
        <bundle start-level="40">mvn:org.apache.cxf/cxf-rt-frontend-jaxrs/3.1.0</bundle>
        <bundle start-level="40">mvn:org.apache.cxf/cxf-rt-rs-client/3.1.0</bundle>
    </feature>
    <feature name="cxf-rs-security-xml" version="3.1.0" resolver="(obr)">
        <feature version="3.1.0">cxf-jaxrs</feature>
        <feature version="3.1.0">cxf-rt-security-saml</feature>
        <bundle start-level="40">mvn:org.apache.cxf/cxf-rt-rs-security-xml/3.1.0</bundle>
    </feature>
    <feature name="cxf-rs-security-sso-saml" version="3.1.0" resolver="(obr)">
        <feature version="3.1.0">cxf-rs-security-xml</feature>
        <bundle start-level="40">mvn:org.apache.cxf/cxf-rt-rs-security-sso-saml/3.1.0</bundle>
    </feature>
    <feature name="cxf-rs-security-cors" version="3.1.0" resolver="(obr)">
        <feature version="3.1.0">cxf-jaxrs</feature>
        <bundle start-level="40">mvn:org.apache.cxf/cxf-rt-rs-security-cors/3.1.0</bundle>
    </feature>
    <feature name="cxf-rs-security-oauth" version="3.1.0" resolver="(obr)">
        <feature version="3.1.0">cxf-jaxrs</feature>
        <bundle start-level="30" dependency="true">mvn:org.apache.servicemix.bundles/org.apache.servicemix.bundles.oauth-provider/20100527_1</bundle>
        <bundle start-level="40">mvn:org.apache.cxf/cxf-rt-rs-security-oauth/3.1.0</bundle>
    </feature>
    <feature name="cxf-rs-security-jose" version="3.1.0" resolver="(obr)">
        <feature version="3.1.0">cxf-jaxrs</feature>
        <feature version="3.1.0">cxf-rt-security</feature>
        <bundle start-level="40">mvn:org.apache.cxf/cxf-rt-rs-security-jose/3.1.0</bundle>
    </feature>
    <feature name="cxf-rs-security-oauth2" version="3.1.0" resolver="(obr)">
        <feature version="3.1.0">cxf-rs-security-jose</feature>
        <bundle start-level="40">mvn:org.apache.cxf/cxf-rt-rs-security-oauth2/3.1.0</bundle>
    </feature>
    <feature name="cxf-databinding-aegis" version="3.1.0" resolver="(obr)">
        <feature version="3.1.0">cxf-wsdl</feature>
        <feature version="3.1.0">cxf-bindings-soap</feature>
        <bundle start-level="40">mvn:org.apache.cxf/cxf-rt-databinding-aegis/3.1.0</bundle>
    </feature>
    <feature name="cxf-databinding-jibx" version="3.1.0" resolver="(obr)">
        <feature version="3.1.0">cxf-core</feature>
        <feature version="3.1.0">cxf-tools</feature>
        <bundle start-level="25" dependency="true">mvn:joda-time/joda-time/2.7</bundle>
        <bundle start-level="40" dependency="true">mvn:org.apache.servicemix.bundles/org.apache.servicemix.bundles.xpp3/1.1.4c_6</bundle>
        <bundle start-level="40" dependency="true">mvn:org.jibx/jibx-run/1.2.6</bundle>
        <bundle start-level="40" dependency="true">mvn:org.jibx/jibx-bind/1.2.6</bundle>
        <bundle start-level="40" dependency="true">mvn:org.jibx/jibx-schema/1.2.6</bundle>
        <bundle start-level="40" dependency="true">mvn:org.jibx/jibx-tools/1.2.6</bundle>
        <bundle start-level="40">mvn:org.apache.cxf/cxf-rt-databinding-jibx/3.1.0</bundle>
    </feature>
    <feature name="cxf-databinding-jaxb" version="3.1.0" resolver="(obr)">
        <feature version="3.1.0">cxf-core</feature>
        <bundle start-level="40">mvn:org.apache.cxf/cxf-rt-databinding-jaxb/3.1.0</bundle>
    </feature>
    <feature name="cxf-databinding-xmlbeans" version="3.1.0" resolver="(obr)">
        <feature version="3.1.0">cxf-core</feature>
        <bundle start-level="30" dependency="true">mvn:org.apache.servicemix.bundles/org.apache.servicemix.bundles.xmlbeans/2.6.0_2</bundle>
        <bundle start-level="40">mvn:org.apache.cxf/cxf-rt-databinding-xmlbeans/3.1.0</bundle>
    </feature>
    <feature name="cxf-features-clustering" version="3.1.0" resolver="(obr)">
        <feature version="3.1.0">cxf-core</feature>
        <bundle start-level="40">mvn:org.apache.cxf/cxf-rt-features-clustering/3.1.0</bundle>
    </feature>
    <feature name="cxf-features-logging" version="3.1.0" resolver="(obr)">
        <feature version="3.1.0">cxf-core</feature>
        <bundle start-level="40">mvn:org.apache.cxf/cxf-rt-features-logging/3.1.0</bundle>
    </feature>
    <feature name="cxf-features-throttling" version="3.1.0" resolver="(obr)">
        <feature version="3.1.0">cxf-core</feature>
        <bundle start-level="40">mvn:org.apache.cxf/cxf-rt-features-throttling/3.1.0</bundle>
    </feature>
    <feature name="cxf-features-metrics" version="3.1.0" resolver="(obr)">
        <feature version="3.1.0">cxf-core</feature>
        <bundle start-level="40" dependency='true'>mvn:io.dropwizard.metrics/metrics-core/3.1.0</bundle>
        <bundle start-level="40">mvn:org.apache.cxf/cxf-rt-features-metrics/3.1.0</bundle>
    </feature>
    <feature name="cxf-bindings-corba" version="3.1.0" resolver="(obr)">
        <feature version="3.1.0">cxf-wsdl</feature>
        <bundle start-level="40">mvn:org.apache.cxf/cxf-rt-bindings-corba/3.1.0</bundle>
    </feature>
    <feature name="cxf-bindings-coloc" version="3.1.0" resolver="(obr)">
        <feature version="3.1.0">cxf-core</feature>
        <bundle start-level="40">mvn:org.apache.cxf/cxf-rt-bindings-coloc/3.1.0</bundle>
    </feature>
    <feature name="cxf-bindings-object" version="3.1.0" resolver="(obr)">
        <feature version="3.1.0">cxf-core</feature>
        <feature version="3.1.0">cxf-transports-local</feature>
        <bundle start-level="40">mvn:org.apache.cxf/cxf-rt-bindings-object/3.1.0</bundle>
    </feature>
    <feature name="cxf-transports-local" version="3.1.0" resolver="(obr)">
        <feature version="3.1.0">cxf-core</feature>
        <bundle start-level="40">mvn:org.apache.cxf/cxf-rt-transports-local/3.1.0</bundle>
    </feature>
    <feature name="cxf-transports-jms" version="3.1.0" resolver="(obr)">
        <feature version="3.1.0">cxf-core</feature>
        <feature version="3.1.0">cxf-bindings-soap</feature>
        <bundle>mvn:org.apache.geronimo.specs/geronimo-jta_1.1_spec/1.1.1</bundle>
        <bundle>mvn:org.apache.geronimo.specs/geronimo-jms_1.1_spec/1.1.1</bundle>
        <bundle start-level="40">mvn:org.apache.cxf/cxf-rt-transports-jms/3.1.0</bundle>
    </feature>
    <feature name="cxf-transports-udp" version="3.1.0" resolver="(obr)">
        <feature version="3.1.0">cxf-core</feature>
        <bundle dependency="true">mvn:org.apache.mina/mina-core/2.0.9</bundle>
        <bundle start-level="40">mvn:org.apache.cxf/cxf-rt-transports-udp/3.1.0</bundle>
    </feature>
    <feature name="cxf-transports-websocket-client" version="3.1.0" resolver="(obr)">
        <feature version="[3,4)">cxf-http</feature>
        <bundle dependency='true'>mvn:com.ning/async-http-client/1.9.8</bundle>
        <bundle dependency='true'>mvn:io.netty/netty/3.9.1.Final</bundle>
        <bundle start-level="40">mvn:org.apache.cxf/cxf-rt-transports-websocket/3.1.0</bundle>
    </feature>
    <feature name="cxf-transports-websocket-server" version="3.1.0" resolver="(obr)">
        <feature version="[3,4)">cxf-http</feature>
        <bundle dependency='true'>mvn:org.atmosphere/atmosphere-runtime/2.2.6</bundle>
        <bundle start-level="40">mvn:org.apache.cxf/cxf-rt-transports-websocket/3.1.0</bundle>
    </feature>
    <feature name="cxf-javascript" version="3.1.0" resolver="(obr)">
        <feature version="3.1.0">cxf-core</feature>
        <feature version="3.1.0">cxf-bindings-soap</feature>
        <bundle start-level="40">mvn:org.apache.cxf/cxf-rt-javascript/3.1.0</bundle>
    </feature>
    <feature name="cxf-frontend-javascript" version="3.1.0" resolver="(obr)">
        <feature version="3.1.0">cxf-core</feature>
        <feature version="3.1.0">cxf-jaxws</feature>
        <bundle start-level="40" dependency="true">mvn:org.apache.servicemix.bundles/org.apache.servicemix.bundles.rhino/1.7R2_3</bundle>
        <bundle start-level="40">mvn:org.apache.cxf/cxf-rt-frontend-js/3.1.0</bundle>
    </feature>
    <feature name="cxf-xjc-runtime" version="3.1.0" resolver="(obr)">
        <feature version="3.1.0">cxf-jaxb</feature>
        <bundle start-level="40" dependency="true">mvn:commons-lang/commons-lang/2.6</bundle>
        <bundle start-level="40">mvn:org.apache.cxf.xjc-utils/cxf-xjc-runtime/3.0.2</bundle>
    </feature>
    <feature name="cxf-tools" version="3.1.0" resolver="(obr)">
        <feature version="3.1.0">cxf-core</feature>
        <feature version="3.1.0">cxf-wsdl</feature>
        <feature version="3.1.0">cxf-databinding-jaxb</feature>
        <feature version="3.1.0">cxf-databinding-aegis</feature>
        <feature version="3.1.0">cxf-bindings-soap</feature>
        <feature version="3.1.0">cxf-jaxrs</feature>
        <feature version="3.1.0">cxf-jaxws</feature>
        <feature version="3.1.0">cxf-javascript</feature>
        <bundle>mvn:commons-lang/commons-lang/2.6</bundle>
        <bundle>mvn:org.apache.velocity/velocity/1.7</bundle>
        <bundle>mvn:commons-collections/commons-collections/3.2.1</bundle>
        <bundle>mvn:org.apache.cxf/cxf-tools-common/3.1.0</bundle>
        <bundle>mvn:org.apache.cxf/cxf-tools-java2ws/3.1.0</bundle>
        <bundle>mvn:org.apache.cxf/cxf-tools-misctools/3.1.0</bundle>
        <bundle>mvn:org.apache.cxf/cxf-tools-validator/3.1.0</bundle>
        <bundle>mvn:org.apache.cxf/cxf-tools-wadlto-jaxrs/3.1.0</bundle>
        <bundle>mvn:org.apache.cxf/cxf-tools-wsdlto-core/3.1.0</bundle>
        <bundle>mvn:org.apache.cxf/cxf-tools-wsdlto-databinding-jaxb/3.1.0</bundle>
        <bundle>mvn:org.apache.cxf/cxf-tools-wsdlto-frontend-javascript/3.1.0</bundle>
        <bundle>mvn:org.apache.cxf/cxf-tools-wsdlto-frontend-jaxws/3.1.0</bundle>
        <!-- need antlr
        <bundle>mvn:org.apache.cxf/cxf-tools-corba/3.1.0</bundle-->
    </feature>
    <feature name="cxf" version="3.1.0" resolver="(obr)">
        <feature version="3.1.0">cxf-core</feature>
        <feature version="3.1.0">cxf-jaxws</feature>
        <feature version="3.1.0">cxf-jaxrs</feature>
        <feature version="3.1.0">cxf-databinding-jaxb</feature>
        <feature version="3.1.0">cxf-databinding-aegis</feature>
        <feature version="3.1.0">cxf-databinding-xmlbeans</feature>
        <feature version="3.1.0">cxf-bindings-corba</feature>
        <feature version="3.1.0">cxf-bindings-coloc</feature>
        <feature version="3.1.0">cxf-bindings-object</feature>
        <feature version="3.1.0">cxf-http-jetty</feature>
        <feature version="3.1.0">cxf-transports-local</feature>
        <feature version="3.1.0">cxf-transports-jms</feature>
        <feature version="3.1.0">cxf-transports-udp</feature>
        <feature version="3.1.0">cxf-xjc-runtime</feature>
        <feature version="3.1.0">cxf-ws-security</feature>
        <feature version="3.1.0">cxf-ws-rm</feature>
        <feature version="3.1.0">cxf-ws-mex</feature>
        <feature version="3.1.0">cxf-javascript</feature>
        <feature version="3.1.0">cxf-frontend-javascript</feature>
        <feature version="3.1.0">cxf-features-clustering</feature>
        <feature version="3.1.0">cxf-features-metrics</feature>
        <feature version="3.1.0">cxf-features-throttling</feature>
        <feature version="3.1.0">cxf-features-logging</feature>

        <!-- tools really aren't needed in OSGi by default
        <feature version="3.1.0">cxf-tools</feature>
        -->
        <!-- need msv
        <bundle>mvn:org.apache.cxf/cxf-wstx-msv-validation/3.1.0</bundle-->
        <!-- need sdo deps
        <bundle>mvn:org.apache.cxf/cxf-rt-databinding-sdo/3.1.0</bundle-->
    </feature>
    <feature name="cxf-sts" version="3.1.0" resolver="(obr)">
        <bundle start-level="40" dependency="true">mvn:com.hazelcast/hazelcast/1.9.4</bundle>
        <bundle start-level="40" dependency="true">mvn:net.sf.ehcache/ehcache/2.9.0</bundle>
        <feature version="3.1.0">cxf-core</feature>
        <feature version="3.1.0">cxf-ws-security</feature>
        <bundle>mvn:org.apache.cxf.services.sts/cxf-services-sts-core/3.1.0</bundle>
    </feature>
    <feature name="cxf-wsn-api" version="3.1.0" resolver="(obr)">
        <feature version="3.1.0">cxf-ws-addr</feature>
        <feature version="3.1.0">cxf-jaxws</feature>
        <bundle>mvn:org.apache.cxf.services.wsn/cxf-services-wsn-api/3.1.0</bundle>
    </feature>
    <feature name="cxf-wsn" version="3.1.0" resolver="(obr)">
        <config name="org.apache.cxf.wsn">
            cxf.wsn.activemq = vm:localhost
            cxf.wsn.rootUrl = http://0.0.0.0:8182
            cxf.wsn.context = /wsn
            cxf.wsn.activemq.username = karaf
            cxf.wsn.activemq.password = karaf
        </config>
        <feature version="[5.4,6)">activemq</feature>
        <feature version="3.1.0">cxf-wsn-api</feature>
        <feature version="3.1.0">cxf-http-jetty</feature>
        <bundle>mvn:org.apache.cxf.services.wsn/cxf-services-wsn-core/3.1.0</bundle>
    </feature>
    <feature name="cxf-ws-discovery-api" version="3.1.0" resolver="(obr)">
        <feature version="3.1.0">cxf-transports-udp</feature>
        <feature version="3.1.0">cxf-ws-addr</feature>
        <feature version="3.1.0">cxf-jaxws</feature>
        <bundle>mvn:org.apache.cxf.services.ws-discovery/cxf-services-ws-discovery-api/3.1.0</bundle>
    </feature>
    <feature name="cxf-ws-discovery" version="3.1.0" resolver="(obr)">
        <feature version="3.1.0">cxf-ws-discovery-api</feature>
        <bundle>mvn:org.apache.cxf.services.ws-discovery/cxf-services-ws-discovery-service/3.1.0</bundle>
    </feature>

    <feature name="cxf-bean-validation-core" version="3.1.0" resolver="(obr)">
        <bundle start-level="10" dependency="true">mvn:org.apache.servicemix.specs/org.apache.servicemix.specs.jsr303-api-1.1.0/2.4.0</bundle>
        <bundle start-level="30" dependency="true">mvn:org.apache.servicemix.bundles/org.apache.servicemix.bundles.hibernate-validator/5.0.2.Final_1</bundle> 
    </feature>
    <!-- This feature can only be activated if Java 7 is used --> 
    <feature name="cxf-bean-validation" version="3.1.0" resolver="(obr)">
        <feature version="3.1.0">cxf-bean-validation-core</feature>
        <bundle start-level="30" dependency="true">mvn:javax.el/javax.el-api/3.0.0</bundle> 
        <bundle start-level="30" dependency="true">mvn:org.glassfish/javax.el/3.0.0</bundle> 
    </feature>

    <feature name="cxf-bean-validation-java6" version="3.1.0" resolver="(obr)">
        <feature version="3.1.0">cxf-bean-validation-core</feature>
        <bundle start-level="30" dependency="true">mvn:javax.el/javax.el-api/3.0-b02</bundle>
        <bundle start-level="30" dependency="true">mvn:org.glassfish/javax.el/3.0-b01</bundle>
    </feature>

    <feature name="cxf-management-web" version="3.1.0" resolver="(obr)">
        <feature version="3.1.0">cxf-core</feature>
        <feature version="3.1.0">cxf-jaxrs</feature>
        <bundle start-level="35" dependency="true">mvn:commons-lang/commons-lang/2.6</bundle>
        <bundle start-level="35" dependency="true">mvn:commons-codec/commons-codec/1.10</bundle>
        <bundle start-level="35">mvn:org.apache.abdera/abdera-core/1.1.3</bundle>
        <bundle start-level="35">mvn:org.apache.abdera/abdera-i18n/1.1.3</bundle>
        <bundle start-level="35">mvn:org.apache.james/apache-mime4j-core/0.7.2</bundle>
        <bundle start-level="35">mvn:org.apache.abdera/abdera-parser/1.1.3</bundle>
        <bundle start-level="40">mvn:org.apache.cxf/cxf-rt-management-web/3.1.0</bundle>
    </feature>

    <feature name="cxf-jaxrs-cdi" version="3.1.0" resolver="(obr)">
        <feature version="3.1.0">cxf-jaxrs</feature>
        <bundle start-level="40">mvn:org.apache.cxf/cxf-integration-cdi/3.1.0</bundle>
    </feature>
</features>
