<?xml version="1.0" encoding="UTF-8" standalone="yes"?>
<features xmlns="http://karaf.apache.org/xmlns/features/v1.3.0" name="static">
    <feature name="static" description="Apache Karaf :: Assemblies :: Features :: Static" version="4.0.2">
        <details>The Apache Software Foundation provides support for the Apache community of open-source software projects.
    The Apache projects are characterized by a collaborative, consensus based development process, an open and
    pragmatic software license, and a desire to create high quality software that leads the way in its field.
    We consider ourselves not simply a group of projects sharing a server, but rather a community of developers
    and users.</details>
        <bundle start-level="30">mvn:org.ops4j.pax.logging/pax-logging-api/1.8.4</bundle>
        <bundle start-level="30">mvn:org.ops4j.pax.logging/pax-logging-service/1.8.4</bundle>
        <bundle start-level="30">mvn:org.apache.karaf.services/org.apache.karaf.services.staticcm/4.0.2</bundle>
    </feature>
</features>
